hz,note,midi,string,fret,token_idx
262.0570647590647,C4,60.0,3,5,80
294.312659833591,D4,62.0,3,7,82
329.9477054014685,E4,64.0,2,5,105
349.3185460707308,F4,65.0,2,6,106
392.2471508507563,G4,67.0,2,8,108
440.1566652923016,A4,69.0,2,10,110
494.40656464516144,B4,71.0,1,7,132
524.5771886667442,C5,72.0,1,8,133
